{
  "update_time": "2025-12-24 12:51:28",
  "sge": {
    "latest": 561.61,
    "mean_3y": 254.85702479338843,
    "max_3y": 561.61,
    "min_3y": 206.5
  },
  "cme": {
    "latest_usd": 960,
    "latest_cny": 217.28744353529345
  },
  "gfex": {
    "latest": 657.65
  },
  "premium": {
    "sge_vs_cme": 344.32255646470657,
    "sge_vs_cme_pct": 158.46408373283617,
    "gfex_vs_cme": 440.36255646470653,
    "gfex_vs_cme_pct": 202.66360048236268,
    "gfex_vs_sge": 96.03999999999996
  }
}